-- MySQL dump 10.13  Distrib 8.0.45, for Win64 (x86_64)
--
-- Host: localhost    Database: universidad_db
-- ------------------------------------------------------
-- Server version	9.6.0

/*!40101 SET @OLD_CHARACTER_SET_CLIENT=@@CHARACTER_SET_CLIENT */;
/*!40101 SET @OLD_CHARACTER_SET_RESULTS=@@CHARACTER_SET_RESULTS */;
/*!40101 SET @OLD_COLLATION_CONNECTION=@@COLLATION_CONNECTION */;
/*!50503 SET NAMES utf8 */;
/*!40103 SET @OLD_TIME_ZONE=@@TIME_ZONE */;
/*!40103 SET TIME_ZONE='+00:00' */;
/*!40014 SET @OLD_UNIQUE_CHECKS=@@UNIQUE_CHECKS, UNIQUE_CHECKS=0 */;
/*!40014 SET @OLD_FOREIGN_KEY_CHECKS=@@FOREIGN_KEY_CHECKS, FOREIGN_KEY_CHECKS=0 */;
/*!40101 SET @OLD_SQL_MODE=@@SQL_MODE, SQL_MODE='NO_AUTO_VALUE_ON_ZERO' */;
/*!40111 SET @OLD_SQL_NOTES=@@SQL_NOTES, SQL_NOTES=0 */;
SET @MYSQLDUMP_TEMP_LOG_BIN = @@SESSION.SQL_LOG_BIN;
SET @@SESSION.SQL_LOG_BIN= 0;

--
-- GTID state at the beginning of the backup 
--

SET @@GLOBAL.GTID_PURGED=/*!80000 '+'*/ 'f385ee30-f866-11f0-b3da-3814286a8139:1-184';

--
-- Table structure for table `alumno`
--

DROP TABLE IF EXISTS `alumno`;
/*!40101 SET @saved_cs_client     = @@character_set_client */;
/*!50503 SET character_set_client = utf8mb4 */;
CREATE TABLE `alumno` (
  `id` int NOT NULL,
  `matricula` varchar(20) NOT NULL,
  `idCarrera` int NOT NULL,
  PRIMARY KEY (`id`),
  UNIQUE KEY `matricula` (`matricula`),
  CONSTRAINT `alumno_ibfk_1` FOREIGN KEY (`id`) REFERENCES `usuario` (`id`) ON DELETE CASCADE
) ENGINE=InnoDB DEFAULT CHARSET=utf8mb4 COLLATE=utf8mb4_0900_ai_ci;
/*!40101 SET character_set_client = @saved_cs_client */;

--
-- Dumping data for table `alumno`
--

LOCK TABLES `alumno` WRITE;
/*!40000 ALTER TABLE `alumno` DISABLE KEYS */;
INSERT INTO `alumno` VALUES (2,'MAT-2001',1),(3,'MAT-2002',1),(5,'MAT-2003',1),(6,'MAT-2004',1),(7,'20262001',1);
/*!40000 ALTER TABLE `alumno` ENABLE KEYS */;
UNLOCK TABLES;

--
-- Table structure for table `calificacion`
--

DROP TABLE IF EXISTS `calificacion`;
/*!40101 SET @saved_cs_client     = @@character_set_client */;
/*!50503 SET character_set_client = utf8mb4 */;
CREATE TABLE `calificacion` (
  `id` int NOT NULL AUTO_INCREMENT,
  `idAlumno` int NOT NULL,
  `idGrupo` int NOT NULL,
  `parciales` double NOT NULL,
  `actividades` double NOT NULL,
  `promedioFinal` double NOT NULL,
  PRIMARY KEY (`id`),
  KEY `idAlumno` (`idAlumno`),
  KEY `idGrupo` (`idGrupo`),
  CONSTRAINT `calificacion_ibfk_1` FOREIGN KEY (`idAlumno`) REFERENCES `alumno` (`id`),
  CONSTRAINT `calificacion_ibfk_2` FOREIGN KEY (`idGrupo`) REFERENCES `grupo` (`id`)
) ENGINE=InnoDB AUTO_INCREMENT=6 DEFAULT CHARSET=utf8mb4 COLLATE=utf8mb4_0900_ai_ci;
/*!40101 SET character_set_client = @saved_cs_client */;

--
-- Dumping data for table `calificacion`
--

LOCK TABLES `calificacion` WRITE;
/*!40000 ALTER TABLE `calificacion` DISABLE KEYS */;
INSERT INTO `calificacion` VALUES (1,3,1,100,100,100),(2,2,2,5,7,6),(3,5,1,100,100,100),(4,5,2,50,50,50),(5,7,3,90,90,90);
/*!40000 ALTER TABLE `calificacion` ENABLE KEYS */;
UNLOCK TABLES;

--
-- Table structure for table `carrera`
--

DROP TABLE IF EXISTS `carrera`;
/*!40101 SET @saved_cs_client     = @@character_set_client */;
/*!50503 SET character_set_client = utf8mb4 */;
CREATE TABLE `carrera` (
  `id` int NOT NULL AUTO_INCREMENT,
  `nombre` varchar(100) NOT NULL,
  PRIMARY KEY (`id`)
) ENGINE=InnoDB AUTO_INCREMENT=2 DEFAULT CHARSET=utf8mb4 COLLATE=utf8mb4_0900_ai_ci;
/*!40101 SET character_set_client = @saved_cs_client */;

--
-- Dumping data for table `carrera`
--

LOCK TABLES `carrera` WRITE;
/*!40000 ALTER TABLE `carrera` DISABLE KEYS */;
INSERT INTO `carrera` VALUES (1,'Ingenieria en Sistemas ');
/*!40000 ALTER TABLE `carrera` ENABLE KEYS */;
UNLOCK TABLES;

--
-- Table structure for table `grupo`
--

DROP TABLE IF EXISTS `grupo`;
/*!40101 SET @saved_cs_client     = @@character_set_client */;
/*!50503 SET character_set_client = utf8mb4 */;
CREATE TABLE `grupo` (
  `id` int NOT NULL AUTO_INCREMENT,
  `idMateria` int NOT NULL,
  `idProfesor` int NOT NULL,
  `periodo` varchar(20) NOT NULL,
  PRIMARY KEY (`id`),
  KEY `idMateria` (`idMateria`),
  KEY `idProfesor` (`idProfesor`),
  CONSTRAINT `grupo_ibfk_1` FOREIGN KEY (`idMateria`) REFERENCES `materia` (`id`),
  CONSTRAINT `grupo_ibfk_2` FOREIGN KEY (`idProfesor`) REFERENCES `profesor` (`id`)
) ENGINE=InnoDB AUTO_INCREMENT=4 DEFAULT CHARSET=utf8mb4 COLLATE=utf8mb4_0900_ai_ci;
/*!40101 SET character_set_client = @saved_cs_client */;

--
-- Dumping data for table `grupo`
--

LOCK TABLES `grupo` WRITE;
/*!40000 ALTER TABLE `grupo` DISABLE KEYS */;
INSERT INTO `grupo` VALUES (1,1,1,'Primavera 2026'),(2,2,1,'Primavera 2026'),(3,4,1,'Enero-Junio 2026');
/*!40000 ALTER TABLE `grupo` ENABLE KEYS */;
UNLOCK TABLES;

--
-- Table structure for table `materia`
--

DROP TABLE IF EXISTS `materia`;
/*!40101 SET @saved_cs_client     = @@character_set_client */;
/*!50503 SET character_set_client = utf8mb4 */;
CREATE TABLE `materia` (
  `id` int NOT NULL AUTO_INCREMENT,
  `nombre` varchar(100) NOT NULL,
  `idCarrera` int NOT NULL,
  `idSemestre` int NOT NULL,
  PRIMARY KEY (`id`)
) ENGINE=InnoDB AUTO_INCREMENT=6 DEFAULT CHARSET=utf8mb4 COLLATE=utf8mb4_0900_ai_ci;
/*!40101 SET character_set_client = @saved_cs_client */;

--
-- Dumping data for table `materia`
--

LOCK TABLES `materia` WRITE;
/*!40000 ALTER TABLE `materia` DISABLE KEYS */;
INSERT INTO `materia` VALUES (1,'Programacion Orientada a Objetos',1,4),(2,'Bases de Datos Relacionales',1,4),(4,'pene',3,4),(5,'pene',1,1);
/*!40000 ALTER TABLE `materia` ENABLE KEYS */;
UNLOCK TABLES;

--
-- Table structure for table `profesor`
--

DROP TABLE IF EXISTS `profesor`;
/*!40101 SET @saved_cs_client     = @@character_set_client */;
/*!50503 SET character_set_client = utf8mb4 */;
CREATE TABLE `profesor` (
  `id` int NOT NULL,
  `numeroEmpleado` varchar(20) NOT NULL,
  PRIMARY KEY (`id`),
  UNIQUE KEY `numeroEmpleado` (`numeroEmpleado`),
  CONSTRAINT `profesor_ibfk_1` FOREIGN KEY (`id`) REFERENCES `usuario` (`id`) ON DELETE CASCADE
) ENGINE=InnoDB DEFAULT CHARSET=utf8mb4 COLLATE=utf8mb4_0900_ai_ci;
/*!40101 SET character_set_client = @saved_cs_client */;

--
-- Dumping data for table `profesor`
--

LOCK TABLES `profesor` WRITE;
/*!40000 ALTER TABLE `profesor` DISABLE KEYS */;
INSERT INTO `profesor` VALUES (1,'EMP-1001');
/*!40000 ALTER TABLE `profesor` ENABLE KEYS */;
UNLOCK TABLES;

--
-- Table structure for table `semestre`
--

DROP TABLE IF EXISTS `semestre`;
/*!40101 SET @saved_cs_client     = @@character_set_client */;
/*!50503 SET character_set_client = utf8mb4 */;
CREATE TABLE `semestre` (
  `id` int NOT NULL AUTO_INCREMENT,
  `nombre` varchar(100) NOT NULL,
  PRIMARY KEY (`id`)
) ENGINE=InnoDB AUTO_INCREMENT=2 DEFAULT CHARSET=utf8mb4 COLLATE=utf8mb4_0900_ai_ci;
/*!40101 SET character_set_client = @saved_cs_client */;

--
-- Dumping data for table `semestre`
--

LOCK TABLES `semestre` WRITE;
/*!40000 ALTER TABLE `semestre` DISABLE KEYS */;
INSERT INTO `semestre` VALUES (1,'Cuarto Semestre');
/*!40000 ALTER TABLE `semestre` ENABLE KEYS */;
UNLOCK TABLES;

--
-- Table structure for table `usuario`
--

DROP TABLE IF EXISTS `usuario`;
/*!40101 SET @saved_cs_client     = @@character_set_client */;
/*!50503 SET character_set_client = utf8mb4 */;
CREATE TABLE `usuario` (
  `id` int NOT NULL AUTO_INCREMENT,
  `nombre` varchar(100) NOT NULL,
  `correo` varchar(100) NOT NULL,
  `contrasena` varchar(255) NOT NULL,
  `tipo` varchar(20) NOT NULL,
  PRIMARY KEY (`id`),
  UNIQUE KEY `correo` (`correo`)
) ENGINE=InnoDB AUTO_INCREMENT=8 DEFAULT CHARSET=utf8mb4 COLLATE=utf8mb4_0900_ai_ci;
/*!40101 SET character_set_client = @saved_cs_client */;

--
-- Dumping data for table `usuario`
--

LOCK TABLES `usuario` WRITE;
/*!40000 ALTER TABLE `usuario` DISABLE KEYS */;
INSERT INTO `usuario` VALUES (1,'Carlos','carlos@udelp.edu.mx','admin123','profesor'),(2,'Ana Lopez','ana@udelp.edu.mx','1234','alumno'),(3,'Juan Perez','juan@udelp.edu.mx','1234','alumno'),(4,'Admin','admin@udelp.edu.mx','root','admin'),(5,'Ernesto Camarillo Gonzalez','ernesto@udelp.edu.mx','1234','alumno'),(6,'dieguito','diego@udelp.edu.mx','1234','alumno'),(7,'rafael morales mendez','rafita@udelp.edu.mx','1234','alumno');
/*!40000 ALTER TABLE `usuario` ENABLE KEYS */;
UNLOCK TABLES;
SET @@SESSION.SQL_LOG_BIN = @MYSQLDUMP_TEMP_LOG_BIN;
/*!40103 SET TIME_ZONE=@OLD_TIME_ZONE */;

/*!40101 SET SQL_MODE=@OLD_SQL_MODE */;
/*!40014 SET FOREIGN_KEY_CHECKS=@OLD_FOREIGN_KEY_CHECKS */;
/*!40014 SET UNIQUE_CHECKS=@OLD_UNIQUE_CHECKS */;
/*!40101 SET CHARACTER_SET_CLIENT=@OLD_CHARACTER_SET_CLIENT */;
/*!40101 SET CHARACTER_SET_RESULTS=@OLD_CHARACTER_SET_RESULTS */;
/*!40101 SET COLLATION_CONNECTION=@OLD_COLLATION_CONNECTION */;
/*!40111 SET SQL_NOTES=@OLD_SQL_NOTES */;

-- Dump completed on 2026-06-08 19:16:49
